,Epsilon_255,Accuracy,Confidence
0,0.0,0.844,0.6238748407848179
1,2.0,0.345,0.2322995597589761
2,4.0,0.201,0.16755045226961374
3,10.0,0.106,0.13926482458785178
4,20.0,0.085,0.14127762893866747
5,30.0,0.085,0.15151071686018258
6,40.0,0.089,0.16168298514652998
7,50.0,0.094,0.17136442480422556
8,60.0,0.095,0.1789945587553084
9,90.0,0.098,0.19344246481731533
