,Epsilon_255,Accuracy Top 1,Accuracy Top 5,Confidence
0,0.0,1.0,1.0,0.5079544186592102
1,0.5,0.09032258064516129,0.4129032258064516,0.14310206472873688
2,1.0,0.0064516129032258064,0.08387096774193549,0.1266070008277893
3,2.0,0.0,0.0,0.15562251210212708
4,4.0,0.0,0.0,0.23362909257411957
5,10.0,0.0,0.0,0.41936951875686646
6,20.0,0.0,0.0,0.544815182685852
7,30.0,0.0,0.0,0.6029870510101318
8,40.0,0.0,0.0,0.6252612471580505
9,50.0,0.0,0.0,0.6723238825798035
10,60.0,0.0,0.0,0.6721469759941101
