,Epsilon_255,Accuracy Top 1,Accuracy Top 5,Confidence
0,0.0,1.0,1.0,0.9695792198181152
1,0.5,0.86,0.97,0.39010533690452576
2,1.0,0.33,0.53,0.13281254470348358
3,2.0,0.03,0.12,0.11171284317970276
4,4.0,0.0,0.0,0.19392043352127075
5,10.0,0.0,0.0,0.4174729883670807
6,20.0,0.0,0.0,0.49271607398986816
7,30.0,0.0,0.0,0.5765386819839478
8,40.0,0.0,0.0,0.6324411034584045
9,50.0,0.0,0.0,0.6498113870620728
10,60.0,0.0,0.0,0.6998571157455444
