,Epsilon,Top1,Top5,Confidence
0,0.0,0.844,0.971,0.623874843120575
1,1.0,0.186,0.376,0.16214647889137268
2,2.0,0.112,0.242,0.14111605286598206
3,4.0,0.086,0.186,0.13966745138168335
4,8.0,0.085,0.202,0.1570742428302765
5,16.0,0.098,0.243,0.1856624186038971
6,32.0,0.074,0.186,0.20312902331352234
7,48.0,0.032,0.095,0.24901996552944183
8,64.0,0.0,0.001,0.24189938604831696
9,96.0,0.0,0.002,0.24264131486415863
10,128.0,0.0,0.001,0.26379355788230896
