,Sample,Normed diff
0,0,0.0004398456367198378
1,2,0.0027861781418323517
2,3,0.0044217798858881
3,4,0.001412306330166757
4,5,0.0029094808269292116
5,6,0.0023279355373233557
